{"_runtime":7.06723,"_wandb":{"runtime":7},"_step":0,"time/fps":1390,"global_step":512,"_timestamp":1.736851796788754e+09}